Champion,counters champ,champ counters
nilah,"('Sivir', 47)","('Aphelios', 56)"
nilah,"('Smolder', 48)","('Draven', 56)"
nilah,"('Xayah', 50)","('Samira', 58)"
nilah,"('Zeri', 50)","(""Kai'Sa"", 58)"
nilah,"('Jinx', 51)","('Twitch', 58)"
kayle,"('Sivir', 47)","('Aphelios', 56)"
kayle,"('Smolder', 48)","('Draven', 56)"
kayle,"('Xayah', 50)","('Samira', 58)"
kayle,"('Zeri', 50)","(""Kai'Sa"", 58)"
kayle,"('Jinx', 51)","('Twitch', 58)"
urgot,"('Sivir', 47)","('Aphelios', 56)"
urgot,"('Smolder', 48)","('Draven', 56)"
urgot,"('Xayah', 50)","('Samira', 58)"
urgot,"('Zeri', 50)","(""Kai'Sa"", 58)"
urgot,"('Jinx', 51)","('Twitch', 58)"
taric,"('Sivir', 47)","('Aphelios', 56)"
taric,"('Smolder', 48)","('Draven', 56)"
taric,"('Xayah', 50)","('Samira', 58)"
taric,"('Zeri', 50)","(""Kai'Sa"", 58)"
taric,"('Jinx', 51)","('Twitch', 58)"
jinx,"('Sivir', 47)","('Aphelios', 56)"
jinx,"('Smolder', 48)","('Draven', 56)"
jinx,"('Xayah', 50)","('Samira', 58)"
jinx,"('Zeri', 50)","(""Kai'Sa"", 58)"
jinx,"('Jinx', 51)","('Twitch', 58)"
nami,"('Sivir', 47)","('Aphelios', 56)"
nami,"('Smolder', 48)","('Draven', 56)"
nami,"('Xayah', 50)","('Samira', 58)"
nami,"('Zeri', 50)","(""Kai'Sa"", 58)"
nami,"('Jinx', 51)","('Twitch', 58)"
vayne,"('Sivir', 47)","('Aphelios', 56)"
vayne,"('Smolder', 48)","('Draven', 56)"
vayne,"('Xayah', 50)","('Samira', 58)"
vayne,"('Zeri', 50)","(""Kai'Sa"", 58)"
vayne,"('Jinx', 51)","('Twitch', 58)"
nocturne,"('Sivir', 47)","('Aphelios', 56)"
nocturne,"('Smolder', 48)","('Draven', 56)"
nocturne,"('Xayah', 50)","('Samira', 58)"
nocturne,"('Zeri', 50)","(""Kai'Sa"", 58)"
nocturne,"('Jinx', 51)","('Twitch', 58)"
warwick,"('Sivir', 47)","('Aphelios', 56)"
warwick,"('Smolder', 48)","('Draven', 56)"
warwick,"('Xayah', 50)","('Samira', 58)"
warwick,"('Zeri', 50)","(""Kai'Sa"", 58)"
warwick,"('Jinx', 51)","('Twitch', 58)"
amumu,"('Sivir', 47)","('Aphelios', 56)"
amumu,"('Smolder', 48)","('Draven', 56)"
amumu,"('Xayah', 50)","('Samira', 58)"
amumu,"('Zeri', 50)","(""Kai'Sa"", 58)"
amumu,"('Jinx', 51)","('Twitch', 58)"
braum,"('Sivir', 47)","('Aphelios', 56)"
braum,"('Smolder', 48)","('Draven', 56)"
braum,"('Xayah', 50)","('Samira', 58)"
braum,"('Zeri', 50)","(""Kai'Sa"", 58)"
braum,"('Jinx', 51)","('Twitch', 58)"
malzahar,"('Sivir', 47)","('Aphelios', 56)"
malzahar,"('Smolder', 48)","('Draven', 56)"
malzahar,"('Xayah', 50)","('Samira', 58)"
malzahar,"('Zeri', 50)","(""Kai'Sa"", 58)"
malzahar,"('Jinx', 51)","('Twitch', 58)"
milio,"('Sivir', 47)","('Aphelios', 56)"
milio,"('Smolder', 48)","('Draven', 56)"
milio,"('Xayah', 50)","('Samira', 58)"
milio,"('Zeri', 50)","(""Kai'Sa"", 58)"
milio,"('Jinx', 51)","('Twitch', 58)"
yorick,"('Sivir', 47)","('Aphelios', 56)"
yorick,"('Smolder', 48)","('Draven', 56)"
yorick,"('Xayah', 50)","('Samira', 58)"
yorick,"('Zeri', 50)","(""Kai'Sa"", 58)"
yorick,"('Jinx', 51)","('Twitch', 58)"
fiddlesticks,"('Sivir', 47)","('Aphelios', 56)"
fiddlesticks,"('Smolder', 48)","('Draven', 56)"
fiddlesticks,"('Xayah', 50)","('Samira', 58)"
fiddlesticks,"('Zeri', 50)","(""Kai'Sa"", 58)"
fiddlesticks,"('Jinx', 51)","('Twitch', 58)"
janna,"('Sivir', 47)","('Aphelios', 56)"
janna,"('Smolder', 48)","('Draven', 56)"
janna,"('Xayah', 50)","('Samira', 58)"
janna,"('Zeri', 50)","(""Kai'Sa"", 58)"
janna,"('Jinx', 51)","('Twitch', 58)"
anivia,"('Sivir', 47)","('Aphelios', 56)"
anivia,"('Smolder', 48)","('Draven', 56)"
anivia,"('Xayah', 50)","('Samira', 58)"
anivia,"('Zeri', 50)","(""Kai'Sa"", 58)"
anivia,"('Jinx', 51)","('Twitch', 58)"
annie,"('Sivir', 47)","('Aphelios', 56)"
annie,"('Smolder', 48)","('Draven', 56)"
annie,"('Xayah', 50)","('Samira', 58)"
annie,"('Zeri', 50)","(""Kai'Sa"", 58)"
annie,"('Jinx', 51)","('Twitch', 58)"
cassiopeia,"('Sivir', 47)","('Aphelios', 56)"
cassiopeia,"('Smolder', 48)","('Draven', 56)"
cassiopeia,"('Xayah', 50)","('Samira', 58)"
cassiopeia,"('Zeri', 50)","(""Kai'Sa"", 58)"
cassiopeia,"('Jinx', 51)","('Twitch', 58)"
quinn,"('Sivir', 47)","('Aphelios', 56)"
quinn,"('Smolder', 48)","('Draven', 56)"
quinn,"('Xayah', 50)","('Samira', 58)"
quinn,"('Zeri', 50)","(""Kai'Sa"", 58)"
quinn,"('Jinx', 51)","('Twitch', 58)"
vex,"('Sivir', 47)","('Aphelios', 56)"
vex,"('Smolder', 48)","('Draven', 56)"
vex,"('Xayah', 50)","('Samira', 58)"
vex,"('Zeri', 50)","(""Kai'Sa"", 58)"
vex,"('Jinx', 51)","('Twitch', 58)"
kogmaw,"('Sivir', 47)","('Aphelios', 56)"
kogmaw,"('Smolder', 48)","('Draven', 56)"
kogmaw,"('Xayah', 50)","('Samira', 58)"
kogmaw,"('Zeri', 50)","(""Kai'Sa"", 58)"
kogmaw,"('Jinx', 51)","('Twitch', 58)"
singed,"('Sivir', 47)","('Aphelios', 56)"
singed,"('Smolder', 48)","('Draven', 56)"
singed,"('Xayah', 50)","('Samira', 58)"
singed,"('Zeri', 50)","(""Kai'Sa"", 58)"
singed,"('Jinx', 51)","('Twitch', 58)"
lulu,"('Sivir', 47)","('Aphelios', 56)"
lulu,"('Smolder', 48)","('Draven', 56)"
lulu,"('Xayah', 50)","('Samira', 58)"
lulu,"('Zeri', 50)","(""Kai'Sa"", 58)"
lulu,"('Jinx', 51)","('Twitch', 58)"
diana,"('Sivir', 47)","('Aphelios', 56)"
diana,"('Smolder', 48)","('Draven', 56)"
diana,"('Xayah', 50)","('Samira', 58)"
diana,"('Zeri', 50)","(""Kai'Sa"", 58)"
diana,"('Jinx', 51)","('Twitch', 58)"
garen,"('Sivir', 47)","('Aphelios', 56)"
garen,"('Smolder', 48)","('Draven', 56)"
garen,"('Xayah', 50)","('Samira', 58)"
garen,"('Zeri', 50)","(""Kai'Sa"", 58)"
garen,"('Jinx', 51)","('Twitch', 58)"
miss-fortune,"('Sivir', 47)","('Aphelios', 56)"
miss-fortune,"('Smolder', 48)","('Draven', 56)"
miss-fortune,"('Xayah', 50)","('Samira', 58)"
miss-fortune,"('Zeri', 50)","(""Kai'Sa"", 58)"
miss-fortune,"('Jinx', 51)","('Twitch', 58)"
ahri,"('Sivir', 47)","('Aphelios', 56)"
ahri,"('Smolder', 48)","('Draven', 56)"
ahri,"('Xayah', 50)","('Samira', 58)"
ahri,"('Zeri', 50)","(""Kai'Sa"", 58)"
ahri,"('Jinx', 51)","('Twitch', 58)"
darius,"('Sivir', 47)","('Aphelios', 56)"
darius,"('Smolder', 48)","('Draven', 56)"
darius,"('Xayah', 50)","('Samira', 58)"
darius,"('Zeri', 50)","(""Kai'Sa"", 58)"
darius,"('Jinx', 51)","('Twitch', 58)"
sett,"('Sivir', 47)","('Aphelios', 56)"
sett,"('Smolder', 48)","('Draven', 56)"
sett,"('Xayah', 50)","('Samira', 58)"
sett,"('Zeri', 50)","(""Kai'Sa"", 58)"
sett,"('Jinx', 51)","('Twitch', 58)"
chogath,"('Sivir', 47)","('Aphelios', 56)"
chogath,"('Smolder', 48)","('Draven', 56)"
chogath,"('Xayah', 50)","('Samira', 58)"
chogath,"('Zeri', 50)","(""Kai'Sa"", 58)"
chogath,"('Jinx', 51)","('Twitch', 58)"
elise,"('Sivir', 47)","('Aphelios', 56)"
elise,"('Smolder', 48)","('Draven', 56)"
elise,"('Xayah', 50)","('Samira', 58)"
elise,"('Zeri', 50)","(""Kai'Sa"", 58)"
elise,"('Jinx', 51)","('Twitch', 58)"
ekko,"('Sivir', 47)","('Aphelios', 56)"
ekko,"('Smolder', 48)","('Draven', 56)"
ekko,"('Xayah', 50)","('Samira', 58)"
ekko,"('Zeri', 50)","(""Kai'Sa"", 58)"
ekko,"('Jinx', 51)","('Twitch', 58)"
master-yi,"('Sivir', 47)","('Aphelios', 56)"
master-yi,"('Smolder', 48)","('Draven', 56)"
master-yi,"('Xayah', 50)","('Samira', 58)"
master-yi,"('Zeri', 50)","(""Kai'Sa"", 58)"
master-yi,"('Jinx', 51)","('Twitch', 58)"
mordekaiser,"('Sivir', 47)","('Aphelios', 56)"
mordekaiser,"('Smolder', 48)","('Draven', 56)"
mordekaiser,"('Xayah', 50)","('Samira', 58)"
mordekaiser,"('Zeri', 50)","(""Kai'Sa"", 58)"
mordekaiser,"('Jinx', 51)","('Twitch', 58)"
xerath,"('Sivir', 47)","('Aphelios', 56)"
xerath,"('Smolder', 48)","('Draven', 56)"
xerath,"('Xayah', 50)","('Samira', 58)"
xerath,"('Zeri', 50)","(""Kai'Sa"", 58)"
xerath,"('Jinx', 51)","('Twitch', 58)"
yuumi,"('Sivir', 47)","('Aphelios', 56)"
yuumi,"('Smolder', 48)","('Draven', 56)"
yuumi,"('Xayah', 50)","('Samira', 58)"
yuumi,"('Zeri', 50)","(""Kai'Sa"", 58)"
yuumi,"('Jinx', 51)","('Twitch', 58)"
jarvan-iv,"('Sivir', 47)","('Aphelios', 56)"
jarvan-iv,"('Smolder', 48)","('Draven', 56)"
jarvan-iv,"('Xayah', 50)","('Samira', 58)"
jarvan-iv,"('Zeri', 50)","(""Kai'Sa"", 58)"
jarvan-iv,"('Jinx', 51)","('Twitch', 58)"
malphite,"('Sivir', 47)","('Aphelios', 56)"
malphite,"('Smolder', 48)","('Draven', 56)"
malphite,"('Xayah', 50)","('Samira', 58)"
malphite,"('Zeri', 50)","(""Kai'Sa"", 58)"
malphite,"('Jinx', 51)","('Twitch', 58)"
syndra,"('Sivir', 47)","('Aphelios', 56)"
syndra,"('Smolder', 48)","('Draven', 56)"
syndra,"('Xayah', 50)","('Samira', 58)"
syndra,"('Zeri', 50)","(""Kai'Sa"", 58)"
syndra,"('Jinx', 51)","('Twitch', 58)"
sivir,"('Sivir', 47)","('Aphelios', 56)"
sivir,"('Smolder', 48)","('Draven', 56)"
sivir,"('Xayah', 50)","('Samira', 58)"
sivir,"('Zeri', 50)","(""Kai'Sa"", 58)"
sivir,"('Jinx', 51)","('Twitch', 58)"
soraka,"('Sivir', 47)","('Aphelios', 56)"
soraka,"('Smolder', 48)","('Draven', 56)"
soraka,"('Xayah', 50)","('Samira', 58)"
soraka,"('Zeri', 50)","(""Kai'Sa"", 58)"
soraka,"('Jinx', 51)","('Twitch', 58)"
teemo,"('Sivir', 47)","('Aphelios', 56)"
teemo,"('Smolder', 48)","('Draven', 56)"
teemo,"('Xayah', 50)","('Samira', 58)"
teemo,"('Zeri', 50)","(""Kai'Sa"", 58)"
teemo,"('Jinx', 51)","('Twitch', 58)"
veigar,"('Sivir', 47)","('Aphelios', 56)"
veigar,"('Smolder', 48)","('Draven', 56)"
veigar,"('Xayah', 50)","('Samira', 58)"
veigar,"('Zeri', 50)","(""Kai'Sa"", 58)"
veigar,"('Jinx', 51)","('Twitch', 58)"
xin-zhao,"('Sivir', 47)","('Aphelios', 56)"
xin-zhao,"('Smolder', 48)","('Draven', 56)"
xin-zhao,"('Xayah', 50)","('Samira', 58)"
xin-zhao,"('Zeri', 50)","(""Kai'Sa"", 58)"
xin-zhao,"('Jinx', 51)","('Twitch', 58)"
briar,"('Sivir', 47)","('Aphelios', 56)"
briar,"('Smolder', 48)","('Draven', 56)"
briar,"('Xayah', 50)","('Samira', 58)"
briar,"('Zeri', 50)","(""Kai'Sa"", 58)"
briar,"('Jinx', 51)","('Twitch', 58)"
nasus,"('Sivir', 47)","('Aphelios', 56)"
nasus,"('Smolder', 48)","('Draven', 56)"
nasus,"('Xayah', 50)","('Samira', 58)"
nasus,"('Zeri', 50)","(""Kai'Sa"", 58)"
nasus,"('Jinx', 51)","('Twitch', 58)"
ornn,"('Sivir', 47)","('Aphelios', 56)"
ornn,"('Smolder', 48)","('Draven', 56)"
ornn,"('Xayah', 50)","('Samira', 58)"
ornn,"('Zeri', 50)","(""Kai'Sa"", 58)"
ornn,"('Jinx', 51)","('Twitch', 58)"
riven,"('Sivir', 47)","('Aphelios', 56)"
riven,"('Smolder', 48)","('Draven', 56)"
riven,"('Xayah', 50)","('Samira', 58)"
riven,"('Zeri', 50)","(""Kai'Sa"", 58)"
riven,"('Jinx', 51)","('Twitch', 58)"
velkoz,"('Sivir', 47)","('Aphelios', 56)"
velkoz,"('Smolder', 48)","('Draven', 56)"
velkoz,"('Xayah', 50)","('Samira', 58)"
velkoz,"('Zeri', 50)","(""Kai'Sa"", 58)"
velkoz,"('Jinx', 51)","('Twitch', 58)"
aurelion-sol,"('Sivir', 47)","('Aphelios', 56)"
aurelion-sol,"('Smolder', 48)","('Draven', 56)"
aurelion-sol,"('Xayah', 50)","('Samira', 58)"
aurelion-sol,"('Zeri', 50)","(""Kai'Sa"", 58)"
aurelion-sol,"('Jinx', 51)","('Twitch', 58)"
ryze,"('Sivir', 47)","('Aphelios', 56)"
ryze,"('Smolder', 48)","('Draven', 56)"
ryze,"('Xayah', 50)","('Samira', 58)"
ryze,"('Zeri', 50)","(""Kai'Sa"", 58)"
ryze,"('Jinx', 51)","('Twitch', 58)"
zilean,"('Sivir', 47)","('Aphelios', 56)"
zilean,"('Smolder', 48)","('Draven', 56)"
zilean,"('Xayah', 50)","('Samira', 58)"
zilean,"('Zeri', 50)","(""Kai'Sa"", 58)"
zilean,"('Jinx', 51)","('Twitch', 58)"
heimerdinger,"('Sivir', 47)","('Aphelios', 56)"
heimerdinger,"('Smolder', 48)","('Draven', 56)"
heimerdinger,"('Xayah', 50)","('Samira', 58)"
heimerdinger,"('Zeri', 50)","(""Kai'Sa"", 58)"
heimerdinger,"('Jinx', 51)","('Twitch', 58)"
kassadin,"('Sivir', 47)","('Aphelios', 56)"
kassadin,"('Smolder', 48)","('Draven', 56)"
kassadin,"('Xayah', 50)","('Samira', 58)"
kassadin,"('Zeri', 50)","(""Kai'Sa"", 58)"
kassadin,"('Jinx', 51)","('Twitch', 58)"
kennen,"('Sivir', 47)","('Aphelios', 56)"
kennen,"('Smolder', 48)","('Draven', 56)"
kennen,"('Xayah', 50)","('Samira', 58)"
kennen,"('Zeri', 50)","(""Kai'Sa"", 58)"
kennen,"('Jinx', 51)","('Twitch', 58)"
kled,"('Sivir', 47)","('Aphelios', 56)"
kled,"('Smolder', 48)","('Draven', 56)"
kled,"('Xayah', 50)","('Samira', 58)"
kled,"('Zeri', 50)","(""Kai'Sa"", 58)"
kled,"('Jinx', 51)","('Twitch', 58)"
naafiri,"('Sivir', 47)","('Aphelios', 56)"
naafiri,"('Smolder', 48)","('Draven', 56)"
naafiri,"('Xayah', 50)","('Samira', 58)"
naafiri,"('Zeri', 50)","(""Kai'Sa"", 58)"
naafiri,"('Jinx', 51)","('Twitch', 58)"
olaf,"('Sivir', 47)","('Aphelios', 56)"
olaf,"('Smolder', 48)","('Draven', 56)"
olaf,"('Xayah', 50)","('Samira', 58)"
olaf,"('Zeri', 50)","(""Kai'Sa"", 58)"
olaf,"('Jinx', 51)","('Twitch', 58)"
sona,"('Sivir', 47)","('Aphelios', 56)"
sona,"('Smolder', 48)","('Draven', 56)"
sona,"('Xayah', 50)","('Samira', 58)"
sona,"('Zeri', 50)","(""Kai'Sa"", 58)"
sona,"('Jinx', 51)","('Twitch', 58)"
ashe,"('Sivir', 47)","('Aphelios', 56)"
ashe,"('Smolder', 48)","('Draven', 56)"
ashe,"('Xayah', 50)","('Samira', 58)"
ashe,"('Zeri', 50)","(""Kai'Sa"", 58)"
ashe,"('Jinx', 51)","('Twitch', 58)"
jhin,"('Sivir', 47)","('Aphelios', 56)"
jhin,"('Smolder', 48)","('Draven', 56)"
jhin,"('Xayah', 50)","('Samira', 58)"
jhin,"('Zeri', 50)","(""Kai'Sa"", 58)"
jhin,"('Jinx', 51)","('Twitch', 58)"
karma,"('Sivir', 47)","('Aphelios', 56)"
karma,"('Smolder', 48)","('Draven', 56)"
karma,"('Xayah', 50)","('Samira', 58)"
karma,"('Zeri', 50)","(""Kai'Sa"", 58)"
karma,"('Jinx', 51)","('Twitch', 58)"
thresh,"('Sivir', 47)","('Aphelios', 56)"
thresh,"('Smolder', 48)","('Draven', 56)"
thresh,"('Xayah', 50)","('Samira', 58)"
thresh,"('Zeri', 50)","(""Kai'Sa"", 58)"
thresh,"('Jinx', 51)","('Twitch', 58)"
yasuo,"('Sivir', 47)","('Aphelios', 56)"
yasuo,"('Smolder', 48)","('Draven', 56)"
yasuo,"('Xayah', 50)","('Samira', 58)"
yasuo,"('Zeri', 50)","(""Kai'Sa"", 58)"
yasuo,"('Jinx', 51)","('Twitch', 58)"
lux,"('Sivir', 47)","('Aphelios', 56)"
lux,"('Smolder', 48)","('Draven', 56)"
lux,"('Xayah', 50)","('Samira', 58)"
lux,"('Zeri', 50)","(""Kai'Sa"", 58)"
lux,"('Jinx', 51)","('Twitch', 58)"
pantheon,"('Sivir', 47)","('Aphelios', 56)"
pantheon,"('Smolder', 48)","('Draven', 56)"
pantheon,"('Xayah', 50)","('Samira', 58)"
pantheon,"('Zeri', 50)","(""Kai'Sa"", 58)"
pantheon,"('Jinx', 51)","('Twitch', 58)"
aatrox,"('Sivir', 47)","('Aphelios', 56)"
aatrox,"('Smolder', 48)","('Draven', 56)"
aatrox,"('Xayah', 50)","('Samira', 58)"
aatrox,"('Zeri', 50)","(""Kai'Sa"", 58)"
aatrox,"('Jinx', 51)","('Twitch', 58)"
kayn,"('Sivir', 47)","('Aphelios', 56)"
kayn,"('Smolder', 48)","('Draven', 56)"
kayn,"('Xayah', 50)","('Samira', 58)"
kayn,"('Zeri', 50)","(""Kai'Sa"", 58)"
kayn,"('Jinx', 51)","('Twitch', 58)"
vi,"('Sivir', 47)","('Aphelios', 56)"
vi,"('Smolder', 48)","('Draven', 56)"
vi,"('Xayah', 50)","('Samira', 58)"
vi,"('Zeri', 50)","(""Kai'Sa"", 58)"
vi,"('Jinx', 51)","('Twitch', 58)"
viktor,"('Sivir', 47)","('Aphelios', 56)"
viktor,"('Smolder', 48)","('Draven', 56)"
viktor,"('Xayah', 50)","('Samira', 58)"
viktor,"('Zeri', 50)","(""Kai'Sa"", 58)"
viktor,"('Jinx', 51)","('Twitch', 58)"
akali,"('Sivir', 47)","('Aphelios', 56)"
akali,"('Smolder', 48)","('Draven', 56)"
akali,"('Xayah', 50)","('Samira', 58)"
akali,"('Zeri', 50)","(""Kai'Sa"", 58)"
akali,"('Jinx', 51)","('Twitch', 58)"
galio,"('Sivir', 47)","('Aphelios', 56)"
galio,"('Smolder', 48)","('Draven', 56)"
galio,"('Xayah', 50)","('Samira', 58)"
galio,"('Zeri', 50)","(""Kai'Sa"", 58)"
galio,"('Jinx', 51)","('Twitch', 58)"
graves,"('Sivir', 47)","('Aphelios', 56)"
graves,"('Smolder', 48)","('Draven', 56)"
graves,"('Xayah', 50)","('Samira', 58)"
graves,"('Zeri', 50)","(""Kai'Sa"", 58)"
graves,"('Jinx', 51)","('Twitch', 58)"
twitch,"('Sivir', 47)","('Aphelios', 56)"
twitch,"('Smolder', 48)","('Draven', 56)"
twitch,"('Xayah', 50)","('Samira', 58)"
twitch,"('Zeri', 50)","(""Kai'Sa"", 58)"
twitch,"('Jinx', 51)","('Twitch', 58)"
zyra,"('Sivir', 47)","('Aphelios', 56)"
zyra,"('Smolder', 48)","('Draven', 56)"
zyra,"('Xayah', 50)","('Samira', 58)"
zyra,"('Zeri', 50)","(""Kai'Sa"", 58)"
zyra,"('Jinx', 51)","('Twitch', 58)"
irelia,"('Sivir', 47)","('Aphelios', 56)"
irelia,"('Smolder', 48)","('Draven', 56)"
irelia,"('Xayah', 50)","('Samira', 58)"
irelia,"('Zeri', 50)","(""Kai'Sa"", 58)"
irelia,"('Jinx', 51)","('Twitch', 58)"
leona,"('Sivir', 47)","('Aphelios', 56)"
leona,"('Smolder', 48)","('Draven', 56)"
leona,"('Xayah', 50)","('Samira', 58)"
leona,"('Zeri', 50)","(""Kai'Sa"", 58)"
leona,"('Jinx', 51)","('Twitch', 58)"
poppy,"('Sivir', 47)","('Aphelios', 56)"
poppy,"('Smolder', 48)","('Draven', 56)"
poppy,"('Xayah', 50)","('Samira', 58)"
poppy,"('Zeri', 50)","(""Kai'Sa"", 58)"
poppy,"('Jinx', 51)","('Twitch', 58)"
swain,"('Sivir', 47)","('Aphelios', 56)"
swain,"('Smolder', 48)","('Draven', 56)"
swain,"('Xayah', 50)","('Samira', 58)"
swain,"('Zeri', 50)","(""Kai'Sa"", 58)"
swain,"('Jinx', 51)","('Twitch', 58)"
tristana,"('Sivir', 47)","('Aphelios', 56)"
tristana,"('Smolder', 48)","('Draven', 56)"
tristana,"('Xayah', 50)","('Samira', 58)"
tristana,"('Zeri', 50)","(""Kai'Sa"", 58)"
tristana,"('Jinx', 51)","('Twitch', 58)"
vladimir,"('Sivir', 47)","('Aphelios', 56)"
vladimir,"('Smolder', 48)","('Draven', 56)"
vladimir,"('Xayah', 50)","('Samira', 58)"
vladimir,"('Zeri', 50)","(""Kai'Sa"", 58)"
vladimir,"('Jinx', 51)","('Twitch', 58)"
volibear,"('Sivir', 47)","('Aphelios', 56)"
volibear,"('Smolder', 48)","('Draven', 56)"
volibear,"('Xayah', 50)","('Samira', 58)"
volibear,"('Zeri', 50)","(""Kai'Sa"", 58)"
volibear,"('Jinx', 51)","('Twitch', 58)"
wukong,"('Sivir', 47)","('Aphelios', 56)"
wukong,"('Smolder', 48)","('Draven', 56)"
wukong,"('Xayah', 50)","('Samira', 58)"
wukong,"('Zeri', 50)","(""Kai'Sa"", 58)"
wukong,"('Jinx', 51)","('Twitch', 58)"
morgana,"('Sivir', 47)","('Aphelios', 56)"
morgana,"('Smolder', 48)","('Draven', 56)"
morgana,"('Xayah', 50)","('Samira', 58)"
morgana,"('Zeri', 50)","(""Kai'Sa"", 58)"
morgana,"('Jinx', 51)","('Twitch', 58)"
rell,"('Sivir', 47)","('Aphelios', 56)"
rell,"('Smolder', 48)","('Draven', 56)"
rell,"('Xayah', 50)","('Samira', 58)"
rell,"('Zeri', 50)","(""Kai'Sa"", 58)"
rell,"('Jinx', 51)","('Twitch', 58)"
renekton,"('Sivir', 47)","('Aphelios', 56)"
renekton,"('Smolder', 48)","('Draven', 56)"
renekton,"('Xayah', 50)","('Samira', 58)"
renekton,"('Zeri', 50)","(""Kai'Sa"", 58)"
renekton,"('Jinx', 51)","('Twitch', 58)"
senna,"('Sivir', 47)","('Aphelios', 56)"
senna,"('Smolder', 48)","('Draven', 56)"
senna,"('Xayah', 50)","('Samira', 58)"
senna,"('Zeri', 50)","(""Kai'Sa"", 58)"
senna,"('Jinx', 51)","('Twitch', 58)"
shen,"('Sivir', 47)","('Aphelios', 56)"
shen,"('Smolder', 48)","('Draven', 56)"
shen,"('Xayah', 50)","('Samira', 58)"
shen,"('Zeri', 50)","(""Kai'Sa"", 58)"
shen,"('Jinx', 51)","('Twitch', 58)"
sion,"('Sivir', 47)","('Aphelios', 56)"
sion,"('Smolder', 48)","('Draven', 56)"
sion,"('Xayah', 50)","('Samira', 58)"
sion,"('Zeri', 50)","(""Kai'Sa"", 58)"
sion,"('Jinx', 51)","('Twitch', 58)"
zac,"('Sivir', 47)","('Aphelios', 56)"
zac,"('Smolder', 48)","('Draven', 56)"
zac,"('Xayah', 50)","('Samira', 58)"
zac,"('Zeri', 50)","(""Kai'Sa"", 58)"
zac,"('Jinx', 51)","('Twitch', 58)"
camille,"('Sivir', 47)","('Aphelios', 56)"
camille,"('Smolder', 48)","('Draven', 56)"
camille,"('Xayah', 50)","('Samira', 58)"
camille,"('Zeri', 50)","(""Kai'Sa"", 58)"
camille,"('Jinx', 51)","('Twitch', 58)"
draven,"('Sivir', 47)","('Aphelios', 56)"
draven,"('Smolder', 48)","('Draven', 56)"
draven,"('Xayah', 50)","('Samira', 58)"
draven,"('Zeri', 50)","(""Kai'Sa"", 58)"
draven,"('Jinx', 51)","('Twitch', 58)"
gangplank,"('Sivir', 47)","('Aphelios', 56)"
gangplank,"('Smolder', 48)","('Draven', 56)"
gangplank,"('Xayah', 50)","('Samira', 58)"
gangplank,"('Zeri', 50)","(""Kai'Sa"", 58)"
gangplank,"('Jinx', 51)","('Twitch', 58)"
gnar,"('Sivir', 47)","('Aphelios', 56)"
gnar,"('Smolder', 48)","('Draven', 56)"
gnar,"('Xayah', 50)","('Samira', 58)"
gnar,"('Zeri', 50)","(""Kai'Sa"", 58)"
gnar,"('Jinx', 51)","('Twitch', 58)"
gwen,"('Sivir', 47)","('Aphelios', 56)"
gwen,"('Smolder', 48)","('Draven', 56)"
gwen,"('Xayah', 50)","('Samira', 58)"
gwen,"('Zeri', 50)","(""Kai'Sa"", 58)"
gwen,"('Jinx', 51)","('Twitch', 58)"
lillia,"('Sivir', 47)","('Aphelios', 56)"
lillia,"('Smolder', 48)","('Draven', 56)"
lillia,"('Xayah', 50)","('Samira', 58)"
lillia,"('Zeri', 50)","(""Kai'Sa"", 58)"
lillia,"('Jinx', 51)","('Twitch', 58)"
nunu-willump,"('Sivir', 47)","('Aphelios', 56)"
nunu-willump,"('Smolder', 48)","('Draven', 56)"
nunu-willump,"('Xayah', 50)","('Samira', 58)"
nunu-willump,"('Zeri', 50)","(""Kai'Sa"", 58)"
nunu-willump,"('Jinx', 51)","('Twitch', 58)"
orianna,"('Sivir', 47)","('Aphelios', 56)"
orianna,"('Smolder', 48)","('Draven', 56)"
orianna,"('Xayah', 50)","('Samira', 58)"
orianna,"('Zeri', 50)","(""Kai'Sa"", 58)"
orianna,"('Jinx', 51)","('Twitch', 58)"
seraphine,"('Sivir', 47)","('Aphelios', 56)"
seraphine,"('Smolder', 48)","('Draven', 56)"
seraphine,"('Xayah', 50)","('Samira', 58)"
seraphine,"('Zeri', 50)","(""Kai'Sa"", 58)"
seraphine,"('Jinx', 51)","('Twitch', 58)"
xayah,"('Sivir', 47)","('Aphelios', 56)"
xayah,"('Smolder', 48)","('Draven', 56)"
xayah,"('Xayah', 50)","('Samira', 58)"
xayah,"('Zeri', 50)","(""Kai'Sa"", 58)"
xayah,"('Jinx', 51)","('Twitch', 58)"
zeri,"('Sivir', 47)","('Aphelios', 56)"
zeri,"('Smolder', 48)","('Draven', 56)"
zeri,"('Xayah', 50)","('Samira', 58)"
zeri,"('Zeri', 50)","(""Kai'Sa"", 58)"
zeri,"('Jinx', 51)","('Twitch', 58)"
akshan,"('Sivir', 47)","('Aphelios', 56)"
akshan,"('Smolder', 48)","('Draven', 56)"
akshan,"('Xayah', 50)","('Samira', 58)"
akshan,"('Zeri', 50)","(""Kai'Sa"", 58)"
akshan,"('Jinx', 51)","('Twitch', 58)"
bard,"('Sivir', 47)","('Aphelios', 56)"
bard,"('Smolder', 48)","('Draven', 56)"
bard,"('Xayah', 50)","('Samira', 58)"
bard,"('Zeri', 50)","(""Kai'Sa"", 58)"
bard,"('Jinx', 51)","('Twitch', 58)"
fiora,"('Sivir', 47)","('Aphelios', 56)"
fiora,"('Smolder', 48)","('Draven', 56)"
fiora,"('Xayah', 50)","('Samira', 58)"
fiora,"('Zeri', 50)","(""Kai'Sa"", 58)"
fiora,"('Jinx', 51)","('Twitch', 58)"
fizz,"('Sivir', 47)","('Aphelios', 56)"
fizz,"('Smolder', 48)","('Draven', 56)"
fizz,"('Xayah', 50)","('Samira', 58)"
fizz,"('Zeri', 50)","(""Kai'Sa"", 58)"
fizz,"('Jinx', 51)","('Twitch', 58)"
karthus,"('Sivir', 47)","('Aphelios', 56)"
karthus,"('Smolder', 48)","('Draven', 56)"
karthus,"('Xayah', 50)","('Samira', 58)"
karthus,"('Zeri', 50)","(""Kai'Sa"", 58)"
karthus,"('Jinx', 51)","('Twitch', 58)"
kindred,"('Sivir', 47)","('Aphelios', 56)"
kindred,"('Smolder', 48)","('Draven', 56)"
kindred,"('Xayah', 50)","('Samira', 58)"
kindred,"('Zeri', 50)","(""Kai'Sa"", 58)"
kindred,"('Jinx', 51)","('Twitch', 58)"
lissandra,"('Sivir', 47)","('Aphelios', 56)"
lissandra,"('Smolder', 48)","('Draven', 56)"
lissandra,"('Xayah', 50)","('Samira', 58)"
lissandra,"('Zeri', 50)","(""Kai'Sa"", 58)"
lissandra,"('Jinx', 51)","('Twitch', 58)"
maokai,"('Sivir', 47)","('Aphelios', 56)"
maokai,"('Smolder', 48)","('Draven', 56)"
maokai,"('Xayah', 50)","('Samira', 58)"
maokai,"('Zeri', 50)","(""Kai'Sa"", 58)"
maokai,"('Jinx', 51)","('Twitch', 58)"
taliyah,"('Sivir', 47)","('Aphelios', 56)"
taliyah,"('Smolder', 48)","('Draven', 56)"
taliyah,"('Xayah', 50)","('Samira', 58)"
taliyah,"('Zeri', 50)","(""Kai'Sa"", 58)"
taliyah,"('Jinx', 51)","('Twitch', 58)"
trundle,"('Sivir', 47)","('Aphelios', 56)"
trundle,"('Smolder', 48)","('Draven', 56)"
trundle,"('Xayah', 50)","('Samira', 58)"
trundle,"('Zeri', 50)","(""Kai'Sa"", 58)"
trundle,"('Jinx', 51)","('Twitch', 58)"
zoe,"('Sivir', 47)","('Aphelios', 56)"
zoe,"('Smolder', 48)","('Draven', 56)"
zoe,"('Xayah', 50)","('Samira', 58)"
zoe,"('Zeri', 50)","(""Kai'Sa"", 58)"
zoe,"('Jinx', 51)","('Twitch', 58)"
belveth,"('Sivir', 47)","('Aphelios', 56)"
belveth,"('Smolder', 48)","('Draven', 56)"
belveth,"('Xayah', 50)","('Samira', 58)"
belveth,"('Zeri', 50)","(""Kai'Sa"", 58)"
belveth,"('Jinx', 51)","('Twitch', 58)"
qiyana,"('Sivir', 47)","('Aphelios', 56)"
qiyana,"('Smolder', 48)","('Draven', 56)"
qiyana,"('Xayah', 50)","('Samira', 58)"
qiyana,"('Zeri', 50)","(""Kai'Sa"", 58)"
qiyana,"('Jinx', 51)","('Twitch', 58)"
rammus,"('Sivir', 47)","('Aphelios', 56)"
rammus,"('Smolder', 48)","('Draven', 56)"
rammus,"('Xayah', 50)","('Samira', 58)"
rammus,"('Zeri', 50)","(""Kai'Sa"", 58)"
rammus,"('Jinx', 51)","('Twitch', 58)"
renata-glasc,"('Sivir', 47)","('Aphelios', 56)"
renata-glasc,"('Smolder', 48)","('Draven', 56)"
renata-glasc,"('Xayah', 50)","('Samira', 58)"
renata-glasc,"('Zeri', 50)","(""Kai'Sa"", 58)"
renata-glasc,"('Jinx', 51)","('Twitch', 58)"
shyvana,"('Sivir', 47)","('Aphelios', 56)"
shyvana,"('Smolder', 48)","('Draven', 56)"
shyvana,"('Xayah', 50)","('Samira', 58)"
shyvana,"('Zeri', 50)","(""Kai'Sa"", 58)"
shyvana,"('Jinx', 51)","('Twitch', 58)"
ziggs,"('Sivir', 47)","('Aphelios', 56)"
ziggs,"('Smolder', 48)","('Draven', 56)"
ziggs,"('Xayah', 50)","('Samira', 58)"
ziggs,"('Zeri', 50)","(""Kai'Sa"", 58)"
ziggs,"('Jinx', 51)","('Twitch', 58)"
ivern,"('Sivir', 47)","('Aphelios', 56)"
ivern,"('Smolder', 48)","('Draven', 56)"
ivern,"('Xayah', 50)","('Samira', 58)"
ivern,"('Zeri', 50)","(""Kai'Sa"", 58)"
ivern,"('Jinx', 51)","('Twitch', 58)"
reksai,"('Sivir', 47)","('Aphelios', 56)"
reksai,"('Smolder', 48)","('Draven', 56)"
reksai,"('Xayah', 50)","('Samira', 58)"
reksai,"('Zeri', 50)","(""Kai'Sa"", 58)"
reksai,"('Jinx', 51)","('Twitch', 58)"
ezreal,"('Sivir', 47)","('Aphelios', 56)"
ezreal,"('Smolder', 48)","('Draven', 56)"
ezreal,"('Xayah', 50)","('Samira', 58)"
ezreal,"('Zeri', 50)","(""Kai'Sa"", 58)"
ezreal,"('Jinx', 51)","('Twitch', 58)"
caitlyn,"('Sivir', 47)","('Aphelios', 56)"
caitlyn,"('Smolder', 48)","('Draven', 56)"
caitlyn,"('Xayah', 50)","('Samira', 58)"
caitlyn,"('Zeri', 50)","(""Kai'Sa"", 58)"
caitlyn,"('Jinx', 51)","('Twitch', 58)"
lee-sin,"('Sivir', 47)","('Aphelios', 56)"
lee-sin,"('Smolder', 48)","('Draven', 56)"
lee-sin,"('Xayah', 50)","('Samira', 58)"
lee-sin,"('Zeri', 50)","(""Kai'Sa"", 58)"
lee-sin,"('Jinx', 51)","('Twitch', 58)"
sylas,"('Sivir', 47)","('Aphelios', 56)"
sylas,"('Smolder', 48)","('Draven', 56)"
sylas,"('Xayah', 50)","('Samira', 58)"
sylas,"('Zeri', 50)","(""Kai'Sa"", 58)"
sylas,"('Jinx', 51)","('Twitch', 58)"
viego,"('Sivir', 47)","('Aphelios', 56)"
viego,"('Smolder', 48)","('Draven', 56)"
viego,"('Xayah', 50)","('Samira', 58)"
viego,"('Zeri', 50)","(""Kai'Sa"", 58)"
viego,"('Jinx', 51)","('Twitch', 58)"
nautilus,"('Sivir', 47)","('Aphelios', 56)"
nautilus,"('Smolder', 48)","('Draven', 56)"
nautilus,"('Xayah', 50)","('Samira', 58)"
nautilus,"('Zeri', 50)","(""Kai'Sa"", 58)"
nautilus,"('Jinx', 51)","('Twitch', 58)"
ambessa,"('Sivir', 47)","('Aphelios', 56)"
ambessa,"('Smolder', 48)","('Draven', 56)"
ambessa,"('Xayah', 50)","('Samira', 58)"
ambessa,"('Zeri', 50)","(""Kai'Sa"", 58)"
ambessa,"('Jinx', 51)","('Twitch', 58)"
aurora,"('Sivir', 47)","('Aphelios', 56)"
aurora,"('Smolder', 48)","('Draven', 56)"
aurora,"('Xayah', 50)","('Samira', 58)"
aurora,"('Zeri', 50)","(""Kai'Sa"", 58)"
aurora,"('Jinx', 51)","('Twitch', 58)"
gragas,"('Sivir', 47)","('Aphelios', 56)"
gragas,"('Smolder', 48)","('Draven', 56)"
gragas,"('Xayah', 50)","('Samira', 58)"
gragas,"('Zeri', 50)","(""Kai'Sa"", 58)"
gragas,"('Jinx', 51)","('Twitch', 58)"
hwei,"('Sivir', 47)","('Aphelios', 56)"
hwei,"('Smolder', 48)","('Draven', 56)"
hwei,"('Xayah', 50)","('Samira', 58)"
hwei,"('Zeri', 50)","(""Kai'Sa"", 58)"
hwei,"('Jinx', 51)","('Twitch', 58)"
jax,"('Sivir', 47)","('Aphelios', 56)"
jax,"('Smolder', 48)","('Draven', 56)"
jax,"('Xayah', 50)","('Samira', 58)"
jax,"('Zeri', 50)","(""Kai'Sa"", 58)"
jax,"('Jinx', 51)","('Twitch', 58)"
katarina,"('Sivir', 47)","('Aphelios', 56)"
katarina,"('Smolder', 48)","('Draven', 56)"
katarina,"('Xayah', 50)","('Samira', 58)"
katarina,"('Zeri', 50)","(""Kai'Sa"", 58)"
katarina,"('Jinx', 51)","('Twitch', 58)"
lucian,"('Sivir', 47)","('Aphelios', 56)"
lucian,"('Smolder', 48)","('Draven', 56)"
lucian,"('Xayah', 50)","('Samira', 58)"
lucian,"('Zeri', 50)","(""Kai'Sa"", 58)"
lucian,"('Jinx', 51)","('Twitch', 58)"
shaco,"('Sivir', 47)","('Aphelios', 56)"
shaco,"('Smolder', 48)","('Draven', 56)"
shaco,"('Xayah', 50)","('Samira', 58)"
shaco,"('Zeri', 50)","(""Kai'Sa"", 58)"
shaco,"('Jinx', 51)","('Twitch', 58)"
corki,"('Sivir', 47)","('Aphelios', 56)"
corki,"('Smolder', 48)","('Draven', 56)"
corki,"('Xayah', 50)","('Samira', 58)"
corki,"('Zeri', 50)","(""Kai'Sa"", 58)"
corki,"('Jinx', 51)","('Twitch', 58)"
khazix,"('Sivir', 47)","('Aphelios', 56)"
khazix,"('Smolder', 48)","('Draven', 56)"
khazix,"('Xayah', 50)","('Samira', 58)"
khazix,"('Zeri', 50)","(""Kai'Sa"", 58)"
khazix,"('Jinx', 51)","('Twitch', 58)"
leblanc,"('Sivir', 47)","('Aphelios', 56)"
leblanc,"('Smolder', 48)","('Draven', 56)"
leblanc,"('Xayah', 50)","('Samira', 58)"
leblanc,"('Zeri', 50)","(""Kai'Sa"", 58)"
leblanc,"('Jinx', 51)","('Twitch', 58)"
tahm-kench,"('Sivir', 47)","('Aphelios', 56)"
tahm-kench,"('Smolder', 48)","('Draven', 56)"
tahm-kench,"('Xayah', 50)","('Samira', 58)"
tahm-kench,"('Zeri', 50)","(""Kai'Sa"", 58)"
tahm-kench,"('Jinx', 51)","('Twitch', 58)"
talon,"('Sivir', 47)","('Aphelios', 56)"
talon,"('Smolder', 48)","('Draven', 56)"
talon,"('Xayah', 50)","('Samira', 58)"
talon,"('Zeri', 50)","(""Kai'Sa"", 58)"
talon,"('Jinx', 51)","('Twitch', 58)"
alistar,"('Sivir', 47)","('Aphelios', 56)"
alistar,"('Smolder', 48)","('Draven', 56)"
alistar,"('Xayah', 50)","('Samira', 58)"
alistar,"('Zeri', 50)","(""Kai'Sa"", 58)"
alistar,"('Jinx', 51)","('Twitch', 58)"
aphelios,"('Sivir', 47)","('Aphelios', 56)"
aphelios,"('Smolder', 48)","('Draven', 56)"
aphelios,"('Xayah', 50)","('Samira', 58)"
aphelios,"('Zeri', 50)","(""Kai'Sa"", 58)"
aphelios,"('Jinx', 51)","('Twitch', 58)"
hecarim,"('Sivir', 47)","('Aphelios', 56)"
hecarim,"('Smolder', 48)","('Draven', 56)"
hecarim,"('Xayah', 50)","('Samira', 58)"
hecarim,"('Zeri', 50)","(""Kai'Sa"", 58)"
hecarim,"('Jinx', 51)","('Twitch', 58)"
rakan,"('Sivir', 47)","('Aphelios', 56)"
rakan,"('Smolder', 48)","('Draven', 56)"
rakan,"('Xayah', 50)","('Samira', 58)"
rakan,"('Zeri', 50)","(""Kai'Sa"", 58)"
rakan,"('Jinx', 51)","('Twitch', 58)"
samira,"('Sivir', 47)","('Aphelios', 56)"
samira,"('Smolder', 48)","('Draven', 56)"
samira,"('Xayah', 50)","('Samira', 58)"
samira,"('Zeri', 50)","(""Kai'Sa"", 58)"
samira,"('Jinx', 51)","('Twitch', 58)"
sejuani,"('Sivir', 47)","('Aphelios', 56)"
sejuani,"('Smolder', 48)","('Draven', 56)"
sejuani,"('Xayah', 50)","('Samira', 58)"
sejuani,"('Zeri', 50)","(""Kai'Sa"", 58)"
sejuani,"('Jinx', 51)","('Twitch', 58)"
brand,"('Sivir', 47)","('Aphelios', 56)"
brand,"('Smolder', 48)","('Draven', 56)"
brand,"('Xayah', 50)","('Samira', 58)"
brand,"('Zeri', 50)","(""Kai'Sa"", 58)"
brand,"('Jinx', 51)","('Twitch', 58)"
dr-mundo,"('Sivir', 47)","('Aphelios', 56)"
dr-mundo,"('Smolder', 48)","('Draven', 56)"
dr-mundo,"('Xayah', 50)","('Samira', 58)"
dr-mundo,"('Zeri', 50)","(""Kai'Sa"", 58)"
dr-mundo,"('Jinx', 51)","('Twitch', 58)"
evelynn,"('Sivir', 47)","('Aphelios', 56)"
evelynn,"('Smolder', 48)","('Draven', 56)"
evelynn,"('Xayah', 50)","('Samira', 58)"
evelynn,"('Zeri', 50)","(""Kai'Sa"", 58)"
evelynn,"('Jinx', 51)","('Twitch', 58)"
neeko,"('Sivir', 47)","('Aphelios', 56)"
neeko,"('Smolder', 48)","('Draven', 56)"
neeko,"('Xayah', 50)","('Samira', 58)"
neeko,"('Zeri', 50)","(""Kai'Sa"", 58)"
neeko,"('Jinx', 51)","('Twitch', 58)"
tryndamere,"('Sivir', 47)","('Aphelios', 56)"
tryndamere,"('Smolder', 48)","('Draven', 56)"
tryndamere,"('Xayah', 50)","('Samira', 58)"
tryndamere,"('Zeri', 50)","(""Kai'Sa"", 58)"
tryndamere,"('Jinx', 51)","('Twitch', 58)"
twisted-fate,"('Sivir', 47)","('Aphelios', 56)"
twisted-fate,"('Smolder', 48)","('Draven', 56)"
twisted-fate,"('Xayah', 50)","('Samira', 58)"
twisted-fate,"('Zeri', 50)","(""Kai'Sa"", 58)"
twisted-fate,"('Jinx', 51)","('Twitch', 58)"
udyr,"('Sivir', 47)","('Aphelios', 56)"
udyr,"('Smolder', 48)","('Draven', 56)"
udyr,"('Xayah', 50)","('Samira', 58)"
udyr,"('Zeri', 50)","(""Kai'Sa"", 58)"
udyr,"('Jinx', 51)","('Twitch', 58)"
illaoi,"('Sivir', 47)","('Aphelios', 56)"
illaoi,"('Smolder', 48)","('Draven', 56)"
illaoi,"('Xayah', 50)","('Samira', 58)"
illaoi,"('Zeri', 50)","(""Kai'Sa"", 58)"
illaoi,"('Jinx', 51)","('Twitch', 58)"
kaisa,"('Sivir', 47)","('Aphelios', 56)"
kaisa,"('Smolder', 48)","('Draven', 56)"
kaisa,"('Xayah', 50)","('Samira', 58)"
kaisa,"('Zeri', 50)","(""Kai'Sa"", 58)"
kaisa,"('Jinx', 51)","('Twitch', 58)"
yone,"('Sivir', 47)","('Aphelios', 56)"
yone,"('Smolder', 48)","('Draven', 56)"
yone,"('Xayah', 50)","('Samira', 58)"
yone,"('Zeri', 50)","(""Kai'Sa"", 58)"
yone,"('Jinx', 51)","('Twitch', 58)"
zed,"('Sivir', 47)","('Aphelios', 56)"
zed,"('Smolder', 48)","('Draven', 56)"
zed,"('Xayah', 50)","('Samira', 58)"
zed,"('Zeri', 50)","(""Kai'Sa"", 58)"
zed,"('Jinx', 51)","('Twitch', 58)"
varus,"('Sivir', 47)","('Aphelios', 56)"
varus,"('Smolder', 48)","('Draven', 56)"
varus,"('Xayah', 50)","('Samira', 58)"
varus,"('Zeri', 50)","(""Kai'Sa"", 58)"
varus,"('Jinx', 51)","('Twitch', 58)"
jayce,"('Sivir', 47)","('Aphelios', 56)"
jayce,"('Smolder', 48)","('Draven', 56)"
jayce,"('Xayah', 50)","('Samira', 58)"
jayce,"('Zeri', 50)","(""Kai'Sa"", 58)"
jayce,"('Jinx', 51)","('Twitch', 58)"
pyke,"('Sivir', 47)","('Aphelios', 56)"
pyke,"('Smolder', 48)","('Draven', 56)"
pyke,"('Xayah', 50)","('Samira', 58)"
pyke,"('Zeri', 50)","(""Kai'Sa"", 58)"
pyke,"('Jinx', 51)","('Twitch', 58)"
blitzcrank,"('Sivir', 47)","('Aphelios', 56)"
blitzcrank,"('Smolder', 48)","('Draven', 56)"
blitzcrank,"('Xayah', 50)","('Samira', 58)"
blitzcrank,"('Zeri', 50)","(""Kai'Sa"", 58)"
blitzcrank,"('Jinx', 51)","('Twitch', 58)"
azir,"('Sivir', 47)","('Aphelios', 56)"
azir,"('Smolder', 48)","('Draven', 56)"
azir,"('Xayah', 50)","('Samira', 58)"
azir,"('Zeri', 50)","(""Kai'Sa"", 58)"
azir,"('Jinx', 51)","('Twitch', 58)"
rengar,"('Sivir', 47)","('Aphelios', 56)"
rengar,"('Smolder', 48)","('Draven', 56)"
rengar,"('Xayah', 50)","('Samira', 58)"
rengar,"('Zeri', 50)","(""Kai'Sa"", 58)"
rengar,"('Jinx', 51)","('Twitch', 58)"
rumble,"('Sivir', 47)","('Aphelios', 56)"
rumble,"('Smolder', 48)","('Draven', 56)"
rumble,"('Xayah', 50)","('Samira', 58)"
rumble,"('Zeri', 50)","(""Kai'Sa"", 58)"
rumble,"('Jinx', 51)","('Twitch', 58)"
ksante,"('Sivir', 47)","('Aphelios', 56)"
ksante,"('Smolder', 48)","('Draven', 56)"
ksante,"('Xayah', 50)","('Samira', 58)"
ksante,"('Zeri', 50)","(""Kai'Sa"", 58)"
ksante,"('Jinx', 51)","('Twitch', 58)"
smolder,"('Sivir', 47)","('Aphelios', 56)"
smolder,"('Smolder', 48)","('Draven', 56)"
smolder,"('Xayah', 50)","('Samira', 58)"
smolder,"('Zeri', 50)","(""Kai'Sa"", 58)"
smolder,"('Jinx', 51)","('Twitch', 58)"
kalista,"('Sivir', 47)","('Aphelios', 56)"
kalista,"('Smolder', 48)","('Draven', 56)"
kalista,"('Xayah', 50)","('Samira', 58)"
kalista,"('Zeri', 50)","(""Kai'Sa"", 58)"
kalista,"('Jinx', 51)","('Twitch', 58)"
mel,"('Sivir', 47)","('Aphelios', 56)"
mel,"('Smolder', 48)","('Draven', 56)"
mel,"('Xayah', 50)","('Samira', 58)"
mel,"('Zeri', 50)","(""Kai'Sa"", 58)"
mel,"('Jinx', 51)","('Twitch', 58)"
nidalee,"('Sivir', 47)","('Aphelios', 56)"
nidalee,"('Smolder', 48)","('Draven', 56)"
nidalee,"('Xayah', 50)","('Samira', 58)"
nidalee,"('Zeri', 50)","(""Kai'Sa"", 58)"
nidalee,"('Jinx', 51)","('Twitch', 58)"
skarner,"('Sivir', 47)","('Aphelios', 56)"
skarner,"('Smolder', 48)","('Draven', 56)"
skarner,"('Xayah', 50)","('Samira', 58)"
skarner,"('Zeri', 50)","(""Kai'Sa"", 58)"
skarner,"('Jinx', 51)","('Twitch', 58)"
